,period_begin,period_end,region,property_type,median_sale_price,median_sale_price_yoy,median_list_price,median_list_price_yoy,new_listings,new_listings_yoy,county,year,date
336,2020-01-01,2020-01-31,"Caldwell County, TX",All Residential,242500.0,0.2278481012658228,221950.0,-0.111844737895158,34.0,0.0303030303030302,Caldwell County,2020,2020-01-31
87,2020-01-01,2020-01-31,"Williamson County, TX",All Residential,278500.0,0.0220183486238532,290000.0,0.0384587839289551,982.0,0.1121177802944506,Williamson County,2020,2020-01-31
1014,2020-01-01,2020-01-31,"Bastrop County, TX",All Residential,250000.0,0.094570928196147,263387.0,0.1732160356347438,100.0,0.1764705882352941,Bastrop County,2020,2020-01-31
2442,2020-01-01,2020-01-31,"Travis County, TX",All Residential,353000.0,0.0696969696969695,398745.0,0.123241172410879,1536.0,-0.0077519379844961,Travis County,2020,2020-01-31
2429,2020-01-01,2020-01-31,"Hays County, TX",All Residential,256000.0,-0.0352364801205954,290495.0,0.0982797731568998,348.0,0.0235294117647057,Hays County,2020,2020-01-31
1107,2020-02-01,2020-02-29,"Hays County, TX",All Residential,282500.0,0.042473892025536,298500.0,0.1264150943396227,375.0,0.1261261261261261,Hays County,2020,2020-02-29
363,2020-02-01,2020-02-29,"Bastrop County, TX",All Residential,250000.0,0.0416666666666667,288400.0,0.0885072655217966,114.0,0.3571428571428572,Bastrop County,2020,2020-02-29
2299,2020-02-01,2020-02-29,"Travis County, TX",All Residential,376000.0,0.1223880597014925,405035.0,0.09424557611779,1708.0,0.0035252643948295,Travis County,2020,2020-02-29
628,2020-02-01,2020-02-29,"Williamson County, TX",All Residential,290000.0,0.0563508541871562,301787.5,0.0350004458437078,1054.0,0.0843621399176954,Williamson County,2020,2020-02-29
708,2020-02-01,2020-02-29,"Caldwell County, TX",All Residential,207000.0,-0.0310258954818656,198000.0,0.0159055926115956,33.0,0.6499999999999999,Caldwell County,2020,2020-02-29
1674,2020-03-01,2020-03-31,"Hays County, TX",All Residential,285021.0,0.0755509433962264,299700.0,-0.001,454.0,0.0271493212669682,Hays County,2020,2020-03-31
1105,2020-03-01,2020-03-31,"Williamson County, TX",All Residential,285000.0,0.0363636363636363,305000.0,0.0338983050847456,1328.0,0.0068233510235027,Williamson County,2020,2020-03-31
1611,2020-03-01,2020-03-31,"Travis County, TX",All Residential,395860.5,0.1408083573487031,424900.0,0.0622499999999999,2205.0,-0.0013586956521739,Travis County,2020,2020-03-31
841,2020-03-01,2020-03-31,"Caldwell County, TX",All Residential,239900.0,0.1846913580246913,229000.0,0.0933396992122224,30.0,-0.2857142857142857,Caldwell County,2020,2020-03-31
1164,2020-03-01,2020-03-31,"Bastrop County, TX",All Residential,273000.0,0.1617021276595744,289900.0,0.0564175819370449,131.0,-0.0296296296296296,Bastrop County,2020,2020-03-31
1271,2020-04-01,2020-04-30,"Williamson County, TX",All Residential,295740.0,0.0413545285048531,302945.0,0.0269322033898304,1092.0,-0.1777108433734939,Williamson County,2020,2020-04-30
1083,2020-04-01,2020-04-30,"Travis County, TX",All Residential,395000.0,0.0972222222222223,414900.0,0.0398496240601504,1742.0,-0.26775956284153,Travis County,2020,2020-04-30
1325,2020-04-01,2020-04-30,"Bastrop County, TX",All Residential,275000.0,0.1530398322851152,255900.0,0.0240096038415367,81.0,-0.4527027027027027,Bastrop County,2020,2020-04-30
152,2020-04-01,2020-04-30,"Caldwell County, TX",All Residential,198000.0,-0.1574468085106383,237475.0,0.0370087336244542,20.0,-0.4736842105263158,Caldwell County,2020,2020-04-30
2542,2020-04-01,2020-04-30,"Hays County, TX",All Residential,294500.0,-0.0117449664429529,307132.5,0.0594429113487409,443.0,0.0114155251141552,Hays County,2020,2020-04-30
2270,2020-05-01,2020-05-31,"Travis County, TX",All Residential,395000.0,0.0431824724216887,425000.0,0.0720141253625929,2086.0,-0.1780929866036249,Travis County,2020,2020-05-31
940,2020-05-01,2020-05-31,"Williamson County, TX",All Residential,291500.0,-0.0218120805369127,319995.0,0.1157621297442423,1236.0,-0.2066752246469832,Williamson County,2020,2020-05-31
1095,2020-05-01,2020-05-31,"Hays County, TX",All Residential,275585.0,0.0021272727272727,314900.0,0.1049122807017544,491.0,-0.0372549019607842,Hays County,2020,2020-05-31
1379,2020-05-01,2020-05-31,"Caldwell County, TX",All Residential,184450.0,-0.1216666666666667,234950.0,0.1806532663316582,36.0,-0.0769230769230768,Caldwell County,2020,2020-05-31
1181,2020-05-01,2020-05-31,"Bastrop County, TX",All Residential,262000.0,0.0564516129032257,275000.0,0.0357815442561204,126.0,-0.0232558139534884,Bastrop County,2020,2020-05-31
1927,2020-06-01,2020-06-30,"Travis County, TX",All Residential,393000.0,0.0214424951267055,419900.0,0.0977404689513821,2107.0,-0.0730312362516497,Travis County,2020,2020-06-30
925,2020-06-01,2020-06-30,"Williamson County, TX",All Residential,304525.0,0.0565347118620544,312450.0,0.0415017358362264,1382.0,0.0184229918938836,Williamson County,2020,2020-06-30
709,2020-06-01,2020-06-30,"Caldwell County, TX",All Residential,221500.0,0.0072760345611642,213500.0,-0.1425702811244979,26.0,-0.2777777777777777,Caldwell County,2020,2020-06-30
649,2020-06-01,2020-06-30,"Bastrop County, TX",All Residential,268000.0,0.0613861386138614,289000.0,0.0844277673545965,137.0,0.0873015873015872,Bastrop County,2020,2020-06-30
1299,2020-06-01,2020-06-30,"Hays County, TX",All Residential,289507.5,0.0600205041832195,310000.0,0.087719298245614,403.0,-0.1707818930041152,Hays County,2020,2020-06-30
471,2020-07-01,2020-07-31,"Bastrop County, TX",All Residential,275500.0,0.0709426627793974,277701.5,0.0917055202182612,146.0,0.1587301587301588,Bastrop County,2020,2020-07-31
1223,2020-07-01,2020-07-31,"Caldwell County, TX",All Residential,204750.0,0.05,220000.0,0.0476240363049347,32.0,-0.0857142857142857,Caldwell County,2020,2020-07-31
2557,2020-07-01,2020-07-31,"Travis County, TX",All Residential,410000.0,0.0933333333333332,419900.0,0.1379403794037941,2448.0,0.1780558229066409,Travis County,2020,2020-07-31
1840,2020-07-01,2020-07-31,"Hays County, TX",All Residential,310000.0,0.148573545757688,275055.0,0.0038503649635035,552.0,0.2404494382022472,Hays County,2020,2020-07-31
408,2020-07-01,2020-07-31,"Williamson County, TX",All Residential,312000.0,0.0947368421052632,320000.0,0.1038289065194895,1435.0,0.1089644513137557,Williamson County,2020,2020-07-31
2246,2020-08-01,2020-08-31,"Hays County, TX",All Residential,311694.0,0.1762037735849055,289990.0,0.0744349759170062,435.0,0.084788029925187,Hays County,2020,2020-08-31
2199,2020-08-01,2020-08-31,"Williamson County, TX",All Residential,301954.5,0.0399744444597518,316139.0,0.0971410525146798,1168.0,-0.0042625745950554,Williamson County,2020,2020-08-31
253,2020-08-01,2020-08-31,"Caldwell County, TX",All Residential,212000.0,-0.0207852193995381,232450.0,0.1628314157078538,40.0,0.3333333333333332,Caldwell County,2020,2020-08-31
223,2020-08-01,2020-08-31,"Bastrop County, TX",All Residential,286500.0,0.1693877551020408,270829.0,0.0067992565055761,104.0,0.118279569892473,Bastrop County,2020,2020-08-31
2257,2020-08-01,2020-08-31,"Travis County, TX",All Residential,420000.0,0.1570247933884296,425000.0,0.1336356361696451,2002.0,0.058139534883721,Travis County,2020,2020-08-31
1733,2020-09-01,2020-09-30,"Travis County, TX",All Residential,417000.0,0.1224462329412399,434900.0,0.1447749407738878,1815.0,0.1067073170731707,Travis County,2020,2020-09-30
334,2020-09-01,2020-09-30,"Caldwell County, TX",All Residential,237000.0,0.1394230769230768,224950.0,-0.1495258025062429,19.0,-0.2692307692307692,Caldwell County,2020,2020-09-30
353,2020-09-01,2020-09-30,"Bastrop County, TX",All Residential,282000.0,0.0930232558139534,286845.0,0.1570996369503832,106.0,0.0495049504950495,Bastrop County,2020,2020-09-30
2441,2020-09-01,2020-09-30,"Hays County, TX",All Residential,315000.0,0.1454545454545455,313575.0,0.1159252669039145,407.0,0.3214285714285714,Hays County,2020,2020-09-30
1106,2020-09-01,2020-09-30,"Williamson County, TX",All Residential,316738.5,0.0847208904109588,324900.0,0.1283208890432365,1031.0,-0.0745062836624775,Williamson County,2020,2020-09-30
1026,2020-10-01,2020-10-31,"Bastrop County, TX",All Residential,280000.0,0.0610722893392552,298485.0,0.0473157894736842,114.0,0.0458715596330274,Bastrop County,2020,2020-10-31
669,2020-10-01,2020-10-31,"Caldwell County, TX",All Residential,255750.0,0.3235864924311036,236950.0,0.2537037037037037,38.0,0.3571428571428572,Caldwell County,2020,2020-10-31
1893,2020-10-01,2020-10-31,"Hays County, TX",All Residential,307740.0,0.1293211009174311,329900.0,0.1575844766483034,371.0,0.0509915014164306,Hays County,2020,2020-10-31
2170,2020-10-01,2020-10-31,"Travis County, TX",All Residential,429700.0,0.1574410774410774,430000.0,0.1170426944108897,1961.0,0.1799037304452466,Travis County,2020,2020-10-31
941,2020-10-01,2020-10-31,"Williamson County, TX",All Residential,324150.0,0.1144556048538898,324525.0,0.1287040901502505,1124.0,0.0807692307692307,Williamson County,2020,2020-10-31
853,2020-11-01,2020-11-30,"Bastrop County, TX",All Residential,279000.0,0.0588235294117647,285000.0,0.1176470588235294,74.0,-0.1494252873563218,Bastrop County,2020,2020-11-30
798,2020-11-01,2020-11-30,"Caldwell County, TX",All Residential,205000.0,0.0846560846560846,210000.0,0.0799691437387504,21.0,0.5,Caldwell County,2020,2020-11-30
1801,2020-11-01,2020-11-30,"Hays County, TX",All Residential,308000.0,0.1947593510284433,322500.0,0.1948869951834013,300.0,0.023890784982935,Hays County,2020,2020-11-30
715,2020-11-01,2020-11-30,"Williamson County, TX",All Residential,324900.0,0.1729241877256317,317240.0,0.0845811965811966,921.0,0.1163636363636364,Williamson County,2020,2020-11-30
1659,2020-11-01,2020-11-30,"Travis County, TX",All Residential,425000.0,0.1846689895470383,439000.0,0.1402597402597403,1349.0,0.1298157453936348,Travis County,2020,2020-11-30
1617,2020-12-01,2020-12-31,"Caldwell County, TX",All Residential,214250.0,0.0451219512195122,288396.5,0.1309666666666666,22.0,0.2941176470588235,Caldwell County,2020,2020-12-31
804,2020-12-01,2020-12-31,"Williamson County, TX",All Residential,325000.0,0.132404181184669,324000.0,0.1328750550703152,795.0,0.2760834670947029,Williamson County,2020,2020-12-31
1098,2020-12-01,2020-12-31,"Bastrop County, TX",All Residential,286995.0,0.1762090163934426,299000.0,0.0974490732244448,79.0,0.196969696969697,Bastrop County,2020,2020-12-31
1723,2020-12-01,2020-12-31,"Hays County, TX",All Residential,311302.5,0.1529722222222222,317750.0,0.1153036153036153,258.0,0.1889400921658985,Hays County,2020,2020-12-31
2019,2020-12-01,2020-12-31,"Travis County, TX",All Residential,437250.0,0.1979452054794521,425000.0,0.1038961038961039,1199.0,0.3861271676300577,Travis County,2020,2020-12-31
2558,2021-01-01,2021-01-31,"Travis County, TX",All Residential,430000.0,0.2181303116147308,435300.0,0.0916751307226422,1424.0,-0.0729166666666666,Travis County,2021,2021-01-31
645,2021-01-01,2021-01-31,"Williamson County, TX",All Residential,322000.0,0.156193895870736,334995.0,0.1551551724137931,928.0,-0.0549898167006109,Williamson County,2021,2021-01-31
733,2021-01-01,2021-01-31,"Bastrop County, TX",All Residential,277970.0,0.1118799999999999,289950.0,0.1008515985982603,94.0,-0.06,Bastrop County,2021,2021-01-31
1935,2021-01-01,2021-01-31,"Hays County, TX",All Residential,302500.0,0.181640625,304995.0,0.0499148005989775,338.0,-0.028735632183908,Hays County,2021,2021-01-31
262,2021-01-01,2021-01-31,"Caldwell County, TX",All Residential,235000.0,-0.0309278350515463,249900.0,0.1259292633476007,21.0,-0.3823529411764705,Caldwell County,2021,2021-01-31
930,2021-02-01,2021-02-28,"Caldwell County, TX",All Residential,195000.0,-0.0579710144927536,312500.0,0.5782828282828282,14.0,-0.5757575757575756,Caldwell County,2021,2021-02-28
1618,2021-02-01,2021-02-28,"Bastrop County, TX",All Residential,288245.0,0.1529799999999998,345000.0,0.1962552011095699,70.0,-0.3859649122807017,Bastrop County,2021,2021-02-28
1111,2021-02-01,2021-02-28,"Hays County, TX",All Residential,302000.0,0.0690265486725663,322128.0,0.0791557788944723,306.0,-0.184,Hays County,2021,2021-02-28
184,2021-02-01,2021-02-28,"Williamson County, TX",All Residential,365000.0,0.2586206896551723,375000.0,0.2425961976556352,823.0,-0.2191650853889942,Williamson County,2021,2021-02-28
1368,2021-02-01,2021-02-28,"Travis County, TX",All Residential,475250.0,0.2639627659574468,450000.0,0.1110150974607133,1294.0,-0.2423887587822014,Travis County,2021,2021-02-28
910,2021-03-01,2021-03-31,"Bastrop County, TX",All Residential,314500.0,0.1520146520146519,349900.0,0.2069679199724043,113.0,-0.1374045801526717,Bastrop County,2021,2021-03-31
160,2021-03-01,2021-03-31,"Caldwell County, TX",All Residential,250000.0,0.0421008753647353,235000.0,0.0262008733624454,25.0,-0.1666666666666666,Caldwell County,2021,2021-03-31
2310,2021-03-01,2021-03-31,"Hays County, TX",All Residential,357500.0,0.2542935432827757,349000.0,0.1644978311644977,480.0,0.0572687224669603,Hays County,2021,2021-03-31
411,2021-03-01,2021-03-31,"Williamson County, TX",All Residential,400000.0,0.4035087719298244,399900.0,0.3111475409836066,1354.0,0.019578313253012,Williamson County,2021,2021-03-31
2228,2021-03-01,2021-03-31,"Travis County, TX",All Residential,492000.0,0.2428620688348546,499000.0,0.1743939750529537,2167.0,-0.0172335600907029,Travis County,2021,2021-03-31
2149,2021-04-01,2021-04-30,"Bastrop County, TX",All Residential,343990.0,0.2508727272727273,345716.5,0.3509828057835091,136.0,0.6790123456790123,Bastrop County,2021,2021-04-30
1934,2021-04-01,2021-04-30,"Hays County, TX",All Residential,389000.0,0.3208828522920204,369999.0,0.2046885301946228,493.0,0.1128668171557563,Hays County,2021,2021-04-30
521,2021-04-01,2021-04-30,"Caldwell County, TX",All Residential,267500.0,0.3510101010101009,267000.0,0.1243288767238657,30.0,0.5,Caldwell County,2021,2021-04-30
2276,2021-04-01,2021-04-30,"Travis County, TX",All Residential,542750.0,0.3740506329113924,545000.0,0.3135695348276692,2371.0,0.3610792192881744,Travis County,2021,2021-04-30
50,2021-04-01,2021-04-30,"Williamson County, TX",All Residential,425000.0,0.437073104754176,406395.0,0.3414811269372328,1577.0,0.4441391941391941,Williamson County,2021,2021-04-30
1371,2021-05-01,2021-05-31,"Travis County, TX",All Residential,550000.0,0.3924050632911393,525000.0,0.2352941176470588,2180.0,0.0450623202301054,Travis County,2021,2021-05-31
1155,2021-05-01,2021-05-31,"Hays County, TX",All Residential,392995.0,0.426039153074369,373950.0,0.1875198475706574,491.0,0.0,Hays County,2021,2021-05-31
771,2021-05-01,2021-05-31,"Bastrop County, TX",All Residential,343500.0,0.3110687022900764,365000.0,0.3272727272727273,133.0,0.0555555555555555,Bastrop County,2021,2021-05-31
522,2021-05-01,2021-05-31,"Caldwell County, TX",All Residential,244950.0,0.3280021686093792,323500.0,0.3768886997233453,33.0,-0.0833333333333333,Caldwell County,2021,2021-05-31
638,2021-05-01,2021-05-31,"Williamson County, TX",All Residential,430000.0,0.4751286449399656,410000.0,0.28127001984406,1513.0,0.2241100323624596,Williamson County,2021,2021-05-31
2236,2021-06-01,2021-06-30,"Travis County, TX",All Residential,560000.0,0.4249363867684479,535000.0,0.2741128840200046,2549.0,0.2097769340294257,Travis County,2021,2021-06-30
418,2021-06-01,2021-06-30,"Caldwell County, TX",All Residential,330385.0,0.4915801354401805,297000.0,0.3911007025761124,36.0,0.3846153846153845,Caldwell County,2021,2021-06-30
605,2021-06-01,2021-06-30,"Williamson County, TX",All Residential,440000.0,0.4448731631228963,425000.0,0.3602176348215715,1742.0,0.260492040520984,Williamson County,2021,2021-06-30
66,2021-06-01,2021-06-30,"Bastrop County, TX",All Residential,349750.0,0.3050373134328359,369900.0,0.2799307958477508,127.0,-0.072992700729927,Bastrop County,2021,2021-06-30
1579,2021-06-01,2021-06-30,"Hays County, TX",All Residential,398117.0,0.3751526298973255,395375.0,0.2754032258064516,569.0,0.4119106699751859,Hays County,2021,2021-06-30
399,2021-07-01,2021-07-31,"Williamson County, TX",All Residential,440000.0,0.4102564102564103,444449.5,0.3889046874999999,1714.0,0.1944250871080139,Williamson County,2021,2021-07-31
1512,2021-07-01,2021-07-31,"Caldwell County, TX",All Residential,273500.0,0.3357753357753356,299925.0,0.3632954545454545,34.0,0.0625,Caldwell County,2021,2021-07-31
2562,2021-07-01,2021-07-31,"Travis County, TX",All Residential,551250.0,0.3445121951219511,525000.0,0.2502976899261728,2568.0,0.0490196078431373,Travis County,2021,2021-07-31
1145,2021-07-01,2021-07-31,"Bastrop County, TX",All Residential,382500.0,0.3883847549909256,379990.0,0.3683397460942774,159.0,0.0890410958904108,Bastrop County,2021,2021-07-31
1096,2021-07-01,2021-07-31,"Hays County, TX",All Residential,400000.0,0.2903225806451612,395500.0,0.4378942393339513,606.0,0.0978260869565217,Hays County,2021,2021-07-31
900,2021-08-01,2021-08-31,"Caldwell County, TX",All Residential,321250.0,0.5153301886792451,287450.0,0.2366100236610022,42.0,0.05,Caldwell County,2021,2021-08-31
871,2021-08-01,2021-08-31,"Travis County, TX",All Residential,526700.0,0.254047619047619,525000.0,0.2352941176470588,2114.0,0.055944055944056,Travis County,2021,2021-08-31
1420,2021-08-01,2021-08-31,"Bastrop County, TX",All Residential,375676.0,0.3112600349040139,387495.0,0.4307736616093549,154.0,0.4807692307692308,Bastrop County,2021,2021-08-31
1558,2021-08-01,2021-08-31,"Hays County, TX",All Residential,400500.0,0.2849140503185816,435000.0,0.5000517259215835,593.0,0.3632183908045976,Hays County,2021,2021-08-31
492,2021-08-01,2021-08-31,"Williamson County, TX",All Residential,440000.0,0.4571731833769656,449444.0,0.4216657862522497,1430.0,0.2243150684931507,Williamson County,2021,2021-08-31
1637,2021-09-01,2021-09-30,"Hays County, TX",All Residential,371000.0,0.1777777777777778,430000.0,0.3712827872119908,495.0,0.2162162162162162,Hays County,2021,2021-09-30
639,2021-09-01,2021-09-30,"Williamson County, TX",All Residential,430000.0,0.3575867789990796,446102.0,0.3730440135426285,1278.0,0.2395732298739088,Williamson County,2021,2021-09-30
1061,2021-09-01,2021-09-30,"Caldwell County, TX",All Residential,256850.0,0.0837552742616034,299000.0,0.3291842631695931,35.0,0.8421052631578946,Caldwell County,2021,2021-09-30
1916,2021-09-01,2021-09-30,"Travis County, TX",All Residential,510000.0,0.2230215827338129,540574.5,0.2429857438491607,2055.0,0.1322314049586776,Travis County,2021,2021-09-30
1247,2021-09-01,2021-09-30,"Bastrop County, TX",All Residential,380000.0,0.3475177304964538,399000.0,0.3909951367463264,137.0,0.2924528301886792,Bastrop County,2021,2021-09-30
1896,2021-10-01,2021-10-31,"Travis County, TX",All Residential,525000.0,0.2217826390505004,539999.5,0.2558127906976743,1930.0,-0.0158082610912799,Travis County,2021,2021-10-31
371,2021-10-01,2021-10-31,"Caldwell County, TX",All Residential,310000.0,0.2121212121212121,290000.0,0.2238868959696138,32.0,-0.1578947368421053,Caldwell County,2021,2021-10-31
2303,2021-10-01,2021-10-31,"Hays County, TX",All Residential,400000.0,0.2997985312276596,405279.0,0.2284904516520158,385.0,0.0377358490566037,Hays County,2021,2021-10-31
94,2021-10-01,2021-10-31,"Williamson County, TX",All Residential,430000.0,0.326546351997532,435000.0,0.3404206147446267,1222.0,0.0871886120996441,Williamson County,2021,2021-10-31
2533,2021-10-01,2021-10-31,"Bastrop County, TX",All Residential,365000.0,0.3035714285714286,398000.0,0.3334003383754626,145.0,0.2719298245614034,Bastrop County,2021,2021-10-31
1186,2021-11-01,2021-11-30,"Bastrop County, TX",All Residential,389990.0,0.3978136200716846,425000.0,0.4912280701754385,109.0,0.472972972972973,Bastrop County,2021,2021-11-30
2283,2021-11-01,2021-11-30,"Travis County, TX",All Residential,525087.5,0.2355,519995.0,0.1844988610478359,1350.0,0.000741289844329,Travis County,2021,2021-11-30
463,2021-11-01,2021-11-30,"Williamson County, TX",All Residential,445099.0,0.3699569098184056,453425.0,0.4292806707855252,1022.0,0.1096634093376764,Williamson County,2021,2021-11-30
283,2021-11-01,2021-11-30,"Caldwell County, TX",All Residential,250000.0,0.2195121951219511,325000.0,0.5476190476190476,31.0,0.4761904761904762,Caldwell County,2021,2021-11-30
1534,2021-11-01,2021-11-30,"Hays County, TX",All Residential,391500.0,0.271103896103896,435000.0,0.3488372093023255,403.0,0.3433333333333332,Hays County,2021,2021-11-30
1522,2021-12-01,2021-12-31,"Hays County, TX",All Residential,398500.0,0.280105363753905,401175.0,0.2625491738788354,284.0,0.1007751937984495,Hays County,2021,2021-12-31
569,2021-12-01,2021-12-31,"Williamson County, TX",All Residential,441280.0,0.3577846153846153,430490.0,0.3286728395061728,749.0,-0.0578616352201257,Williamson County,2021,2021-12-31
825,2021-12-01,2021-12-31,"Bastrop County, TX",All Residential,400000.0,0.3937525043990313,381990.0,0.2775585284280937,79.0,0.0,Bastrop County,2021,2021-12-31
2463,2021-12-01,2021-12-31,"Travis County, TX",All Residential,535000.0,0.2235563178959405,499999.0,0.1764682352941175,972.0,-0.1893244370308589,Travis County,2021,2021-12-31
1526,2021-12-01,2021-12-31,"Caldwell County, TX",All Residential,297425.0,0.3882147024504083,315000.0,0.0922462651245767,19.0,-0.1363636363636363,Caldwell County,2021,2021-12-31
2489,2022-01-01,2022-01-31,"Travis County, TX",All Residential,540000.0,0.2558139534883721,519999.5,0.1945773030094188,1244.0,-0.1264044943820225,Travis County,2022,2022-01-31
1099,2022-01-01,2022-01-31,"Bastrop County, TX",All Residential,382450.0,0.3758678994136057,400000.0,0.3795481979651664,95.0,0.0106382978723404,Bastrop County,2022,2022-01-31
1254,2022-01-01,2022-01-31,"Williamson County, TX",All Residential,462000.0,0.4347826086956521,459000.0,0.3701697040254332,831.0,-0.1045258620689655,Williamson County,2022,2022-01-31
1419,2022-01-01,2022-01-31,"Hays County, TX",All Residential,395000.0,0.3057851239669422,399994.5,0.3114788767028968,320.0,-0.0532544378698225,Hays County,2022,2022-01-31
1476,2022-01-01,2022-01-31,"Caldwell County, TX",All Residential,315000.0,0.3404255319148936,325000.0,0.3005202080832332,49.0,1.3333333333333337,Caldwell County,2022,2022-01-31
433,2022-02-01,2022-02-28,"Williamson County, TX",All Residential,477000.0,0.3068493150684932,475000.0,0.2666666666666666,926.0,0.1251518833535845,Williamson County,2022,2022-02-28
1092,2022-02-01,2022-02-28,"Caldwell County, TX",All Residential,342990.0,0.758923076923077,344105.0,0.1011359999999998,25.0,0.7857142857142858,Caldwell County,2022,2022-02-28
2537,2022-02-01,2022-02-28,"Travis County, TX",All Residential,540000.0,0.1362440820620725,590000.0,0.3111111111111111,1370.0,0.0587326120556415,Travis County,2022,2022-02-28
289,2022-02-01,2022-02-28,"Bastrop County, TX",All Residential,453792.5,0.5743291297333865,418000.0,0.2115942028985506,110.0,0.5714285714285714,Bastrop County,2022,2022-02-28
2268,2022-02-01,2022-02-28,"Hays County, TX",All Residential,429750.0,0.4230132450331125,427450.0,0.3269569860428152,358.0,0.1699346405228758,Hays County,2022,2022-02-28
238,2022-03-01,2022-03-31,"Williamson County, TX",All Residential,489000.0,0.2224999999999999,486990.0,0.2177794448612153,1365.0,0.0081240768094534,Williamson County,2022,2022-03-31
2237,2022-03-01,2022-03-31,"Hays County, TX",All Residential,450000.0,0.2587412587412587,439900.0,0.260458452722063,486.0,0.0124999999999999,Hays County,2022,2022-03-31
1455,2022-03-01,2022-03-31,"Bastrop County, TX",All Residential,408082.0,0.2975580286168522,470000.0,0.3432409259788511,156.0,0.3805309734513273,Bastrop County,2022,2022-03-31
165,2022-03-01,2022-03-31,"Caldwell County, TX",All Residential,356000.0,0.4239999999999999,360540.0,0.5342127659574467,54.0,1.16,Caldwell County,2022,2022-03-31
1743,2022-03-01,2022-03-31,"Travis County, TX",All Residential,601000.0,0.2215447154471543,600000.0,0.2024048096192385,2070.0,-0.04476234425473,Travis County,2022,2022-03-31
1826,2022-04-01,2022-04-30,"Hays County, TX",All Residential,477105.0,0.2264910025706941,464950.0,0.2566250179054538,590.0,0.1967545638945233,Hays County,2022,2022-04-30
232,2022-04-01,2022-04-30,"Williamson County, TX",All Residential,514000.0,0.2094117647058824,500000.0,0.2303300975651767,1578.0,0.0006341154090043,Williamson County,2022,2022-04-30
2483,2022-04-01,2022-04-30,"Travis County, TX",All Residential,620000.0,0.1423307231690464,629000.0,0.1541284403669724,2195.0,-0.0742302825811893,Travis County,2022,2022-04-30
706,2022-04-01,2022-04-30,"Caldwell County, TX",All Residential,357500.0,0.3364485981308411,399900.0,0.4977528089887639,51.0,0.6999999999999998,Caldwell County,2022,2022-04-30
1715,2022-04-01,2022-04-30,"Bastrop County, TX",All Residential,468090.0,0.3607663013459694,420000.0,0.2148682518768991,152.0,0.1176470588235294,Bastrop County,2022,2022-04-30
2043,2022-05-01,2022-05-31,"Hays County, TX",All Residential,454470.0,0.1564269265512283,477000.0,0.2755716004813477,732.0,0.490835030549898,Hays County,2022,2022-05-31
329,2022-05-01,2022-05-31,"Bastrop County, TX",All Residential,423500.0,0.2328966521106259,472450.0,0.2943835616438357,208.0,0.5639097744360901,Bastrop County,2022,2022-05-31
894,2022-05-01,2022-05-31,"Williamson County, TX",All Residential,512000.0,0.1906976744186046,500000.0,0.2195121951219511,1716.0,0.1341705221414408,Williamson County,2022,2022-05-31
732,2022-05-01,2022-05-31,"Caldwell County, TX",All Residential,380375.0,0.5528679322310676,349900.0,0.0816074188562596,47.0,0.4242424242424243,Caldwell County,2022,2022-05-31
1510,2022-05-01,2022-05-31,"Travis County, TX",All Residential,650000.0,0.1818181818181818,625000.0,0.1904761904761904,2477.0,0.1362385321100918,Travis County,2022,2022-05-31
1063,2022-06-01,2022-06-30,"Williamson County, TX",All Residential,505300.0,0.1484090909090909,500000.0,0.1764705882352941,2020.0,0.1595866819747415,Williamson County,2022,2022-06-30
1936,2022-06-01,2022-06-30,"Hays County, TX",All Residential,455000.0,0.1428801081089228,439850.0,0.11248814416693,684.0,0.2021089630931458,Hays County,2022,2022-06-30
1567,2022-06-01,2022-06-30,"Travis County, TX",All Residential,608897.0,0.0873160714285714,615000.0,0.1495327102803738,2981.0,0.1694782267555903,Travis County,2022,2022-06-30
210,2022-06-01,2022-06-30,"Caldwell County, TX",All Residential,342450.0,0.0365180017252599,356999.0,0.2020168350168349,67.0,0.861111111111111,Caldwell County,2022,2022-06-30
1631,2022-06-01,2022-06-30,"Bastrop County, TX",All Residential,422500.0,0.2080057183702643,459900.0,0.2433090024330899,236.0,0.8582677165354331,Bastrop County,2022,2022-06-30
1790,2022-07-01,2022-07-31,"Hays County, TX",All Residential,448100.0,0.1202499999999999,449990.0,0.1377749683944373,557.0,-0.0808580858085808,Hays County,2022,2022-07-31
1236,2022-07-01,2022-07-31,"Bastrop County, TX",All Residential,440000.0,0.1503267973856208,429990.0,0.1315824100634226,189.0,0.1886792452830188,Bastrop County,2022,2022-07-31
266,2022-07-01,2022-07-31,"Caldwell County, TX",All Residential,367000.0,0.3418647166361974,349990.0,0.1669250645994833,45.0,0.3235294117647058,Caldwell County,2022,2022-07-31
1547,2022-07-01,2022-07-31,"Travis County, TX",All Residential,600150.0,0.0887074829931973,589810.0,0.123447619047619,2426.0,-0.0552959501557632,Travis County,2022,2022-07-31
956,2022-07-01,2022-07-31,"Williamson County, TX",All Residential,486400.0,0.1054545454545454,489000.0,0.1002374847986105,1691.0,-0.013418903150525,Williamson County,2022,2022-07-31
1121,2022-08-01,2022-08-31,"Bastrop County, TX",All Residential,412000.0,0.0966897006995388,423162.5,0.0920463489851481,162.0,0.0519480519480519,Bastrop County,2022,2022-08-31
240,2022-08-01,2022-08-31,"Caldwell County, TX",All Residential,324995.0,0.0116575875486382,352450.0,0.2261262828317969,44.0,0.0476190476190476,Caldwell County,2022,2022-08-31
2332,2022-08-01,2022-08-31,"Hays County, TX",All Residential,434500.0,0.0848938826466916,465000.0,0.0689655172413792,452.0,-0.2377740303541315,Hays County,2022,2022-08-31
773,2022-08-01,2022-08-31,"Travis County, TX",All Residential,559345.0,0.0619802544142775,550000.0,0.0476190476190476,1772.0,-0.161778618732261,Travis County,2022,2022-08-31
805,2022-08-01,2022-08-31,"Williamson County, TX",All Residential,480000.0,0.0909090909090908,468000.0,0.0412865674032805,1336.0,-0.0657342657342657,Williamson County,2022,2022-08-31
302,2022-09-01,2022-09-30,"Caldwell County, TX",All Residential,348532.5,0.3569495814677827,333990.0,0.1170234113712374,36.0,0.0285714285714284,Caldwell County,2022,2022-09-30
2305,2022-09-01,2022-09-30,"Hays County, TX",All Residential,414529.0,0.1173288409703503,452500.0,0.0523255813953489,422.0,-0.1474747474747474,Hays County,2022,2022-09-30
2553,2022-09-01,2022-09-30,"Travis County, TX",All Residential,548000.0,0.0745098039215685,579950.0,0.0728400988207915,1906.0,-0.0725060827250608,Travis County,2022,2022-09-30
657,2022-09-01,2022-09-30,"Williamson County, TX",All Residential,457727.5,0.0644825581395349,459870.0,0.0308628968262862,1072.0,-0.1611893583724569,Williamson County,2022,2022-09-30
1524,2022-09-01,2022-09-30,"Bastrop County, TX",All Residential,388024.0,0.0211157894736841,425000.0,0.0651629072681705,167.0,0.2189781021897809,Bastrop County,2022,2022-09-30
2254,2022-10-01,2022-10-31,"Hays County, TX",All Residential,408000.0,0.02,480000.0,0.1843692863434818,345.0,-0.1038961038961039,Hays County,2022,2022-10-31
651,2022-10-01,2022-10-31,"Williamson County, TX",All Residential,460000.0,0.069767441860465,467215.0,0.0740574712643677,957.0,-0.2168576104746317,Williamson County,2022,2022-10-31
2109,2022-10-01,2022-10-31,"Travis County, TX",All Residential,539900.0,0.0283809523809523,599000.0,0.109260286352117,1395.0,-0.27720207253886,Travis County,2022,2022-10-31
1500,2022-10-01,2022-10-31,"Caldwell County, TX",All Residential,322587.5,0.0406048387096773,318990.0,0.0999655172413793,37.0,0.15625,Caldwell County,2022,2022-10-31
1555,2022-10-01,2022-10-31,"Bastrop County, TX",All Residential,382641.5,0.0483328767123287,399295.0,0.0032537688442211,122.0,-0.1586206896551724,Bastrop County,2022,2022-10-31
