DATE,OBMMIC30YF
12/4/2017,4.25
12/5/2017,4.247
12/6/2017,4.215
12/7/2017,4.212
12/8/2017,4.216
12/11/2017,4.22
12/12/2017,4.255
12/13/2017,4.246
12/14/2017,4.23
12/15/2017,4.209
12/18/2017,4.228
12/19/2017,4.279
12/20/2017,4.306
12/21/2017,4.322
12/22/2017,4.297
12/25/2017,.
12/26/2017,4.294
12/27/2017,4.297
12/28/2017,4.258
12/29/2017,4.275
1/1/2018,.
1/2/2018,4.246
1/3/2018,4.257
1/4/2018,4.27
1/5/2018,4.259
1/8/2018,4.284
1/9/2018,4.312
1/10/2018,4.351
1/11/2018,4.349
1/12/2018,4.345
1/15/2018,.
1/16/2018,4.334
1/17/2018,4.348
1/18/2018,4.39
1/19/2018,4.411
1/22/2018,4.438
1/23/2018,4.406
1/24/2018,4.425
1/25/2018,4.428
1/26/2018,4.425
1/29/2018,4.479
1/30/2018,4.502
1/31/2018,4.511
2/1/2018,4.534
2/2/2018,4.603
2/5/2018,4.584
2/6/2018,4.561
2/7/2018,4.586
2/8/2018,4.659
2/9/2018,4.641
2/12/2018,4.647
2/13/2018,4.664
2/14/2018,4.698
2/15/2018,4.708
2/16/2018,4.678
2/19/2018,.
2/20/2018,4.705
2/21/2018,4.712
2/22/2018,4.733
2/23/2018,4.694
2/26/2018,4.677
2/27/2018,4.73
2/28/2018,4.715
3/1/2018,4.679
3/2/2018,4.706
3/5/2018,4.725
3/6/2018,4.742
3/7/2018,4.758
3/8/2018,4.749
3/9/2018,4.742
3/12/2018,4.712
3/13/2018,4.704
3/14/2018,4.695
3/15/2018,4.693
3/16/2018,4.709
3/19/2018,4.726
3/20/2018,4.734
3/21/2018,4.784
3/22/2018,4.725
3/23/2018,4.735
3/26/2018,4.712
3/27/2018,4.732
3/28/2018,4.703
3/29/2018,4.711
3/30/2018,4.677
4/2/2018,4.703
4/3/2018,4.705
4/4/2018,4.711
4/5/2018,4.725
4/6/2018,4.694
4/9/2018,4.71
4/10/2018,4.695
4/11/2018,4.691
4/12/2018,4.721
4/13/2018,4.724
4/16/2018,4.73
4/17/2018,4.72
4/18/2018,4.746
4/19/2018,4.791
4/20/2018,4.784
4/23/2018,4.84
4/24/2018,4.854
4/25/2018,4.888
4/26/2018,4.871
4/27/2018,4.853
4/30/2018,4.834
5/1/2018,4.835
5/2/2018,4.853
5/3/2018,4.839
5/4/2018,4.831
5/7/2018,4.831
5/8/2018,4.843
5/9/2018,4.874
5/10/2018,4.87
5/11/2018,4.845
5/14/2018,4.859
5/15/2018,4.94
5/16/2018,4.939
5/17/2018,4.955
5/18/2018,4.949
5/21/2018,4.933
5/22/2018,4.942
5/23/2018,4.921
5/24/2018,4.878
5/25/2018,4.831
5/28/2018,.
5/29/2018,4.775
5/30/2018,4.784
5/31/2018,4.793
6/1/2018,4.835
6/4/2018,4.836
6/5/2018,4.852
6/6/2018,4.875
6/7/2018,4.876
6/8/2018,4.858
6/11/2018,4.899
6/12/2018,4.902
6/13/2018,4.901
6/14/2018,4.871
6/15/2018,4.854
6/18/2018,4.877
6/19/2018,4.846
6/20/2018,4.865
6/21/2018,4.863
6/22/2018,4.878
6/25/2018,4.86
6/26/2018,4.856
6/27/2018,4.84
6/28/2018,4.835
6/29/2018,4.843
7/2/2018,4.84
7/3/2018,4.846
7/4/2018,.
7/5/2018,4.852
7/6/2018,4.842
7/9/2018,4.833
7/10/2018,4.851
7/11/2018,4.85
7/12/2018,4.848
7/13/2018,4.819
7/16/2018,4.837
7/17/2018,4.829
7/18/2018,4.835
7/19/2018,4.838
7/20/2018,4.83
7/23/2018,4.872
7/24/2018,4.894
7/25/2018,4.873
7/26/2018,4.885
7/27/2018,4.886
7/30/2018,4.905
7/31/2018,4.882
8/1/2018,4.925
8/2/2018,4.911
8/3/2018,4.896
8/6/2018,4.889
8/7/2018,4.895
8/8/2018,4.896
8/9/2018,4.885
8/10/2018,4.866
8/13/2018,4.859
8/14/2018,4.854
8/15/2018,4.862
8/16/2018,4.857
8/17/2018,4.858
8/20/2018,4.83
8/21/2018,4.838
8/22/2018,4.838
8/23/2018,4.824
8/24/2018,4.842
8/27/2018,4.83
8/28/2018,4.855
8/29/2018,4.86
8/30/2018,4.848
8/31/2018,4.844
9/3/2018,.
9/4/2018,4.862
9/5/2018,4.891
9/6/2018,4.864
9/7/2018,4.884
9/10/2018,4.902
9/11/2018,4.924
9/12/2018,4.921
9/13/2018,4.921
9/14/2018,4.945
9/17/2018,4.955
9/18/2018,4.964
9/19/2018,5.011
9/20/2018,5.002
9/21/2018,5.011
9/24/2018,5.009
9/25/2018,5.034
9/26/2018,5.025
9/27/2018,5.001
9/28/2018,4.982
10/1/2018,4.993
10/2/2018,4.988
10/3/2018,5.048
10/4/2018,5.102
10/5/2018,5.16
10/8/2018,.
10/9/2018,5.165
10/10/2018,5.165
10/11/2018,5.135
10/12/2018,5.124
10/15/2018,5.096
10/16/2018,5.143
10/17/2018,5.13
10/18/2018,5.141
10/19/2018,5.149
10/22/2018,5.16
10/23/2018,5.154
10/24/2018,5.165
10/25/2018,5.138
10/26/2018,5.102
10/29/2018,5.109
10/30/2018,5.121
10/31/2018,5.159
11/1/2018,5.183
11/2/2018,5.202
11/5/2018,5.238
11/6/2018,5.213
11/7/2018,5.205
11/8/2018,5.202
11/9/2018,5.225
11/12/2018,.
11/13/2018,5.211
11/14/2018,5.206
11/15/2018,5.136
11/16/2018,5.152
11/19/2018,5.121
11/20/2018,5.147
11/21/2018,5.133
11/22/2018,.
11/23/2018,5.022
11/26/2018,5.168
11/27/2018,5.154
11/28/2018,5.132
11/29/2018,5.088
11/30/2018,5.109
12/3/2018,5.078
12/4/2018,5.055
12/5/2018,5.003
12/6/2018,5.016
12/7/2018,5.011
12/10/2018,4.963
12/11/2018,4.968
12/12/2018,4.998
12/13/2018,4.987
12/14/2018,4.966
12/17/2018,4.956
12/18/2018,4.928
12/19/2018,4.905
12/20/2018,4.888
12/21/2018,4.899
12/24/2018,4.863
12/25/2018,.
12/26/2018,4.899
12/27/2018,4.88
12/28/2018,4.878
12/31/2018,4.84
1/1/2019,.
1/2/2019,4.81
1/3/2019,4.753
1/4/2019,4.739
1/7/2019,4.747
1/8/2019,4.782
1/9/2019,4.803
1/10/2019,4.78
1/11/2019,4.79
1/14/2019,4.761
1/15/2019,4.76
1/16/2019,4.777
1/17/2019,4.782
1/18/2019,4.79
1/21/2019,.
1/22/2019,4.776
1/23/2019,4.789
1/24/2019,4.783
1/25/2019,4.785
1/28/2019,4.797
1/29/2019,4.771
1/30/2019,4.751
1/31/2019,4.678
2/1/2019,4.74
2/4/2019,4.751
2/5/2019,4.748
2/6/2019,4.708
2/7/2019,4.679
2/8/2019,4.709
2/11/2019,4.688
2/12/2019,4.702
2/13/2019,4.721
2/14/2019,4.697
2/15/2019,4.688
2/18/2019,.
2/19/2019,4.675
2/20/2019,4.668
2/21/2019,4.68
2/22/2019,4.68
2/25/2019,4.654
2/26/2019,4.643
2/27/2019,4.651
2/28/2019,4.702
3/1/2019,4.718
3/4/2019,4.723
3/5/2019,4.71
3/6/2019,4.705
3/7/2019,4.674
3/8/2019,4.637
3/11/2019,4.627
3/12/2019,4.614
3/13/2019,4.596
3/14/2019,4.607
3/15/2019,4.58
3/18/2019,4.568
3/19/2019,4.574
3/20/2019,4.55
3/21/2019,4.485
3/22/2019,4.435
3/25/2019,4.361
3/26/2019,4.342
3/27/2019,4.317
3/28/2019,4.34
3/29/2019,4.338
4/1/2019,4.42
4/2/2019,4.423
4/3/2019,4.445
4/4/2019,4.45
4/5/2019,4.421
4/8/2019,4.413
4/9/2019,4.418
4/10/2019,4.4
4/11/2019,4.406
4/12/2019,4.433
4/15/2019,4.473
4/16/2019,4.479
4/17/2019,4.487
4/18/2019,4.479
4/19/2019,4.462
4/22/2019,4.495
4/23/2019,4.499
4/24/2019,4.461
4/25/2019,4.461
4/26/2019,4.417
4/29/2019,4.438
4/30/2019,4.46
5/1/2019,4.446
5/2/2019,4.45
5/3/2019,4.451
5/6/2019,4.418
5/7/2019,4.397
5/8/2019,4.401
5/9/2019,4.408
5/10/2019,4.422
5/13/2019,4.372
5/14/2019,4.377
5/15/2019,4.339
5/16/2019,4.361
5/17/2019,4.352
5/20/2019,4.37
5/21/2019,4.411
5/22/2019,4.389
5/23/2019,4.335
5/24/2019,4.306
5/27/2019,.
5/28/2019,4.294
5/29/2019,4.24
5/30/2019,4.247
5/31/2019,4.186
6/3/2019,4.128
6/4/2019,4.129
6/5/2019,4.134
6/6/2019,4.135
6/7/2019,4.093
6/10/2019,4.108
6/11/2019,4.175
6/12/2019,4.134
6/13/2019,4.131
6/14/2019,4.119
6/17/2019,4.151
6/18/2019,4.106
6/19/2019,4.103
6/20/2019,3.986
6/21/2019,4.016
6/24/2019,4.033
6/25/2019,4.019
6/26/2019,4.034
6/27/2019,4.044
6/28/2019,4.026
7/1/2019,4.066
7/2/2019,4.059
7/3/2019,3.979
7/4/2019,.
7/5/2019,4.012
7/8/2019,4.03
7/9/2019,4.062
7/10/2019,4.088
7/11/2019,4.107
7/12/2019,4.128
7/15/2019,4.106
7/16/2019,4.126
7/17/2019,4.089
7/18/2019,4.078
7/19/2019,4.074
7/22/2019,4.04
7/23/2019,4.061
7/24/2019,4.048
7/25/2019,4.049
7/26/2019,4.08
7/29/2019,4.055
7/30/2019,4.066
7/31/2019,4.048
8/1/2019,3.953
8/2/2019,3.917
8/5/2019,3.874
8/6/2019,3.86
8/7/2019,3.834
8/8/2019,3.894
8/9/2019,3.852
8/12/2019,3.853
8/13/2019,3.882
8/14/2019,3.837
8/15/2019,3.778
8/16/2019,3.785
8/19/2019,3.836
8/20/2019,3.832
8/21/2019,3.874
8/22/2019,3.856
8/23/2019,3.843
8/26/2019,3.819
8/27/2019,3.818
8/28/2019,3.777
8/29/2019,3.777
8/30/2019,3.779
9/2/2019,.
9/3/2019,3.744
9/4/2019,3.699
9/5/2019,3.746
9/6/2019,3.72
9/9/2019,3.769
9/10/2019,3.859
9/11/2019,3.901
9/12/2019,3.909
9/13/2019,3.984
9/16/2019,4.038
9/17/2019,3.995
9/18/2019,3.984
9/19/2019,3.955
9/20/2019,3.961
9/23/2019,3.917
9/24/2019,3.905
9/25/2019,3.927
9/26/2019,3.954
9/27/2019,3.946
9/30/2019,3.922
10/1/2019,3.887
10/2/2019,3.863
10/3/2019,3.834
10/4/2019,3.803
10/7/2019,3.831
10/8/2019,3.832
10/9/2019,3.846
10/10/2019,3.896
10/11/2019,3.98
10/14/2019,.
10/15/2019,3.977
10/16/2019,3.976
10/17/2019,3.999
10/18/2019,3.971
10/21/2019,4.01
10/22/2019,4.029
10/23/2019,3.999
10/24/2019,3.987
10/25/2019,4.003
10/28/2019,4.026
10/29/2019,4.039
10/30/2019,4.02
10/31/2019,3.916
11/1/2019,3.912
11/4/2019,3.929
11/5/2019,3.973
11/6/2019,3.963
11/7/2019,4.049
11/8/2019,4.019
11/11/2019,.
11/12/2019,4.029
11/13/2019,3.997
11/14/2019,3.974
11/15/2019,3.958
11/18/2019,3.937
11/19/2019,3.969
11/20/2019,3.928
11/21/2019,3.932
11/22/2019,3.931
11/25/2019,3.948
11/26/2019,3.919
11/27/2019,3.946
11/28/2019,.
11/29/2019,3.878
12/2/2019,3.982
12/3/2019,3.91
12/4/2019,3.941
12/5/2019,3.969
12/6/2019,3.981
12/9/2019,3.954
12/10/2019,3.989
12/11/2019,3.973
12/12/2019,3.983
12/13/2019,3.971
12/16/2019,3.949
12/17/2019,3.967
12/18/2019,3.971
12/19/2019,4.002
12/20/2019,3.979
12/23/2019,3.958
12/24/2019,3.961
12/25/2019,.
12/26/2019,3.979
12/27/2019,3.933
12/30/2019,3.952
12/31/2019,3.927
1/1/2020,.
1/2/2020,3.914
1/3/2020,3.889
1/6/2020,3.882
1/7/2020,3.882
1/8/2020,3.892
1/9/2020,3.902
1/10/2020,3.873
1/13/2020,3.879
1/14/2020,3.872
1/15/2020,3.848
1/16/2020,3.859
1/17/2020,3.879
1/20/2020,.
1/21/2020,3.845
1/22/2020,3.841
1/23/2020,3.803
1/24/2020,3.767
1/27/2020,3.684
1/28/2020,3.715
1/29/2020,3.724
1/30/2020,3.689
1/31/2020,3.649
2/3/2020,3.631
2/4/2020,3.68
2/5/2020,3.722
2/6/2020,3.719
2/7/2020,3.66
2/10/2020,3.65
2/11/2020,3.666
2/12/2020,3.689
2/13/2020,3.698
2/14/2020,3.694
2/17/2020,.
2/18/2020,3.667
2/19/2020,3.692
2/20/2020,3.67
2/21/2020,3.626
2/24/2020,3.554
2/25/2020,3.541
2/26/2020,3.537
2/27/2020,3.503
2/28/2020,3.436
3/2/2020,3.353
3/3/2020,3.339
3/4/2020,3.276
3/5/2020,3.295
3/6/2020,3.258
3/9/2020,3.22
3/10/2020,3.393
3/11/2020,3.525
3/12/2020,3.645
3/13/2020,3.746
3/16/2020,3.479
3/17/2020,3.443
3/18/2020,3.602
3/19/2020,3.924
3/20/2020,3.792
3/23/2020,3.441
3/24/2020,3.454
3/25/2020,3.435
3/26/2020,3.453
3/27/2020,3.38
3/30/2020,3.382
3/31/2020,3.514
4/1/2020,3.551
4/2/2020,3.493
4/3/2020,3.439
4/6/2020,3.468
4/7/2020,3.444
4/8/2020,3.411
4/9/2020,3.359
4/10/2020,3.365
4/13/2020,3.391
4/14/2020,3.427
4/15/2020,3.383
4/16/2020,3.378
4/17/2020,3.388
4/20/2020,3.417
4/21/2020,3.426
4/22/2020,3.403
4/23/2020,3.362
4/24/2020,3.352
4/27/2020,3.366
4/28/2020,3.338
4/29/2020,3.317
4/30/2020,3.301
5/1/2020,3.311
5/4/2020,3.348
5/5/2020,3.358
5/6/2020,3.362
5/7/2020,3.337
5/8/2020,3.298
5/11/2020,3.322
5/12/2020,3.339
5/13/2020,3.285
5/14/2020,3.253
5/15/2020,3.231
5/18/2020,3.285
5/19/2020,3.296
5/20/2020,3.233
5/21/2020,3.23
5/22/2020,3.249
5/25/2020,.
5/26/2020,3.269
5/27/2020,3.26
5/28/2020,3.276
5/29/2020,3.226
6/1/2020,3.236
6/2/2020,3.23
6/3/2020,3.275
6/4/2020,3.292
6/5/2020,3.321
6/8/2020,3.28
6/9/2020,3.21
6/10/2020,3.19
6/11/2020,3.101
6/12/2020,3.137
6/15/2020,3.155
6/16/2020,3.202
6/17/2020,3.193
6/18/2020,3.172
6/19/2020,3.173
6/22/2020,3.173
6/23/2020,3.184
6/24/2020,3.176
6/25/2020,3.148
6/26/2020,3.122
6/29/2020,3.121
6/30/2020,3.121
7/1/2020,3.119
7/2/2020,3.108
7/3/2020,.
7/6/2020,3.098
7/7/2020,3.067
7/8/2020,3.063
7/9/2020,3.03
7/10/2020,3.025
7/13/2020,3.042
7/14/2020,3.01
7/15/2020,3.01
7/16/2020,2.99
7/17/2020,2.991
7/20/2020,2.993
7/21/2020,2.99
7/22/2020,2.977
7/23/2020,2.965
7/24/2020,2.979
7/27/2020,2.978
7/28/2020,2.96
7/29/2020,2.94
7/30/2020,2.91
7/31/2020,2.881
8/3/2020,2.867
8/4/2020,2.842
8/5/2020,2.863
8/6/2020,2.847
8/7/2020,2.835
8/10/2020,2.833
8/11/2020,2.874
8/12/2020,2.905
8/13/2020,2.939
8/14/2020,2.953
8/17/2020,2.928
8/18/2020,2.913
8/19/2020,2.89
8/20/2020,2.904
8/21/2020,2.908
8/24/2020,2.913
8/25/2020,2.934
8/26/2020,2.905
8/27/2020,2.926
8/28/2020,2.926
8/31/2020,2.921
9/1/2020,2.905
9/2/2020,2.901
9/3/2020,2.903
9/4/2020,2.927
9/7/2020,.
9/8/2020,2.909
9/9/2020,2.923
9/10/2020,2.93
9/11/2020,2.919
9/14/2020,2.92
9/15/2020,2.941
9/16/2020,2.935
9/17/2020,2.927
9/18/2020,2.942
9/21/2020,2.935
9/22/2020,2.933
9/23/2020,2.946
9/24/2020,2.927
9/25/2020,2.919
9/28/2020,2.901
9/29/2020,2.893
9/30/2020,2.906
10/1/2020,2.906
10/2/2020,2.887
10/5/2020,2.899
10/6/2020,2.91
10/7/2020,2.9
10/8/2020,2.905
10/9/2020,2.907
10/12/2020,.
10/13/2020,2.881
10/14/2020,2.891
10/15/2020,2.885
10/16/2020,2.871
10/19/2020,2.867
10/20/2020,2.889
10/21/2020,2.897
10/22/2020,2.896
10/23/2020,2.9
10/26/2020,2.884
10/27/2020,2.885
10/28/2020,2.869
10/29/2020,2.867
10/30/2020,2.874
11/2/2020,2.872
11/3/2020,2.909
11/4/2020,2.851
11/5/2020,2.825
11/6/2020,2.829
11/9/2020,2.894
11/10/2020,2.895
11/11/2020,.
11/12/2020,2.87
11/13/2020,2.848
11/16/2020,2.842
11/17/2020,2.826
11/18/2020,2.819
11/19/2020,2.807
11/20/2020,2.787
11/23/2020,2.801
11/24/2020,2.806
11/25/2020,2.808
11/26/2020,.
11/27/2020,2.789
11/30/2020,2.786
12/1/2020,2.803
12/2/2020,2.81
12/3/2020,2.803
12/4/2020,2.819
12/7/2020,2.798
12/8/2020,2.802
12/9/2020,2.811
12/10/2020,2.813
12/11/2020,2.78
12/14/2020,2.788
12/15/2020,2.788
12/16/2020,2.805
12/17/2020,2.783
12/18/2020,2.774
12/21/2020,2.778
12/22/2020,2.791
12/23/2020,2.789
12/24/2020,2.777
12/25/2020,.
12/28/2020,2.788
12/29/2020,2.787
12/30/2020,2.777
12/31/2020,2.77
1/1/2021,.
1/4/2021,2.771
1/5/2021,2.774
1/6/2021,2.808
1/7/2021,2.821
1/8/2021,2.832
1/11/2021,2.856
1/12/2021,2.91
1/13/2021,2.874
1/14/2021,2.861
1/15/2021,2.864
1/18/2021,.
1/19/2021,2.856
1/20/2021,2.849
1/21/2021,2.847
1/22/2021,2.834
1/25/2021,2.811
1/26/2021,2.825
1/27/2021,2.796
1/28/2021,2.813
1/29/2021,2.835
2/1/2021,2.827
2/2/2021,2.842
2/3/2021,2.846
2/4/2021,2.858
2/5/2021,2.853
2/8/2021,2.848
2/9/2021,2.846
2/10/2021,2.836
2/11/2021,2.839
2/12/2021,2.881
2/15/2021,.
2/16/2021,2.93
2/17/2021,2.968
2/18/2021,2.983
2/19/2021,3.006
2/22/2021,3.05
2/23/2021,3.091
2/24/2021,3.118
2/25/2021,3.234
2/26/2021,3.227
3/1/2021,3.152
3/2/2021,3.13
3/3/2021,3.145
3/4/2021,3.179
3/5/2021,3.221
3/8/2021,3.213
3/9/2021,3.192
3/10/2021,3.196
3/11/2021,3.202
3/12/2021,3.263
3/15/2021,3.257
3/16/2021,3.268
3/17/2021,3.304
3/18/2021,3.349
3/19/2021,3.353
3/22/2021,3.342
3/23/2021,3.303
3/24/2021,3.283
3/25/2021,3.285
3/26/2021,3.304
3/29/2021,3.308
3/30/2021,3.336
3/31/2021,3.337
4/1/2021,3.321
4/2/2021,3.329
4/5/2021,3.335
4/6/2021,3.287
4/7/2021,3.283
4/8/2021,3.262
4/9/2021,3.27
4/12/2021,3.265
4/13/2021,3.224
4/14/2021,3.199
4/15/2021,3.16
4/16/2021,3.173
4/19/2021,3.182
4/20/2021,3.177
4/21/2021,3.152
4/22/2021,3.149
4/23/2021,3.14
4/26/2021,3.142
4/27/2021,3.166
4/28/2021,3.187
4/29/2021,3.196
4/30/2021,3.169
5/3/2021,3.14
5/4/2021,3.133
5/5/2021,3.149
5/6/2021,3.134
5/7/2021,3.101
5/10/2021,3.1
5/11/2021,3.133
5/12/2021,3.194
5/13/2021,3.195
5/14/2021,3.172
5/17/2021,3.16
5/18/2021,3.176
5/19/2021,3.182
5/20/2021,3.183
5/21/2021,3.17
5/24/2021,3.151
5/25/2021,3.131
5/26/2021,3.109
5/27/2021,3.16
5/28/2021,3.151
5/31/2021,.
6/1/2021,3.165
6/2/2021,3.159
6/3/2021,3.181
6/4/2021,3.168
6/7/2021,3.173
6/8/2021,3.141
6/9/2021,3.137
6/10/2021,3.13
6/11/2021,3.122
6/14/2021,3.143
6/15/2021,3.161
6/16/2021,3.197
6/17/2021,3.245
6/18/2021,3.222
6/21/2021,3.229
6/22/2021,3.228
6/23/2021,3.2
6/24/2021,3.198
6/25/2021,3.203
6/28/2021,3.186
6/29/2021,3.182
6/30/2021,3.155
7/1/2021,3.192
7/2/2021,3.159
7/5/2021,.
7/6/2021,3.113
7/7/2021,3.11
7/8/2021,3.082
7/9/2021,3.093
7/12/2021,3.099
7/13/2021,3.135
7/14/2021,3.117
7/15/2021,3.087
7/16/2021,3.076
7/19/2021,2.998
7/20/2021,2.982
7/21/2021,3.038
7/22/2021,3.037
7/23/2021,3.03
7/26/2021,3.019
7/27/2021,3.023
7/28/2021,3.019
7/29/2021,3.02
7/30/2021,2.987
8/2/2021,2.957
8/3/2021,2.96
8/4/2021,2.984
8/5/2021,2.999
8/6/2021,3.041
8/9/2021,3.068
8/10/2021,3.094
8/11/2021,3.09
8/12/2021,3.091
8/13/2021,3.073
8/16/2021,3.043
8/17/2021,3.054
8/18/2021,3.07
8/19/2021,3.048
8/20/2021,3.049
8/23/2021,3.066
8/24/2021,3.057
8/25/2021,3.07
8/26/2021,3.096
8/27/2021,3.062
8/30/2021,3.047
8/31/2021,3.048
9/1/2021,3.058
9/2/2021,3.059
9/3/2021,3.061
9/6/2021,.
9/7/2021,3.085
9/8/2021,3.073
9/9/2021,3.063
9/10/2021,3.065
9/13/2021,3.056
9/14/2021,3.04
9/15/2021,3.032
9/16/2021,3.067
9/17/2021,3.085
9/20/2021,3.07
9/21/2021,3.067
9/22/2021,3.089
9/23/2021,3.135
9/24/2021,3.181
9/27/2021,3.181
9/28/2021,3.21
9/29/2021,3.214
9/30/2021,3.204
10/1/2021,3.174
10/4/2021,3.159
10/5/2021,3.189
10/6/2021,3.202
10/7/2021,3.21
10/8/2021,3.245
10/11/2021,.
10/12/2021,3.267
10/13/2021,3.209
10/14/2021,3.223
10/15/2021,3.248
10/18/2021,3.281
10/19/2021,3.286
10/20/2021,3.271
10/21/2021,3.312
10/22/2021,3.327
10/25/2021,3.319
10/26/2021,3.305
10/27/2021,3.266
10/28/2021,3.263
10/29/2021,3.266
11/1/2021,3.269
11/2/2021,3.234
11/3/2021,3.25
11/4/2021,3.234
11/5/2021,3.171
11/8/2021,3.178
11/9/2021,3.146
11/10/2021,3.212
11/11/2021,.
11/12/2021,3.27
11/15/2021,3.293
11/16/2021,3.303
11/17/2021,3.293
11/18/2021,3.282
11/19/2021,3.257
11/22/2021,3.313
11/23/2021,3.357
11/24/2021,3.363
11/25/2021,.
11/26/2021,.
11/29/2021,3.297
11/30/2021,3.27
12/1/2021,3.284
12/2/2021,3.315
12/3/2021,3.303
12/6/2021,3.307
12/7/2021,3.335
12/8/2021,3.351
12/9/2021,3.342
12/10/2021,3.334
12/13/2021,3.309
12/14/2021,3.32
12/15/2021,3.317
12/16/2021,3.299
12/17/2021,3.29
12/20/2021,3.282
12/21/2021,3.333
12/22/2021,3.334
12/23/2021,3.345
12/24/2021,.
12/27/2021,3.344
12/28/2021,3.328
12/29/2021,3.365
12/30/2021,3.353
12/31/2021,.
1/3/2022,3.409
1/4/2022,3.423
1/5/2022,3.465
1/6/2022,3.542
1/7/2022,3.571
1/10/2022,3.659
1/11/2022,3.638
1/12/2022,3.592
1/13/2022,3.608
1/14/2022,3.667
1/17/2022,.
1/18/2022,3.784
1/19/2022,3.76
1/20/2022,3.748
1/21/2022,3.744
1/24/2022,3.733
1/25/2022,3.732
1/26/2022,3.772
1/27/2022,3.792
1/28/2022,3.779
1/31/2022,3.774
2/1/2022,3.792
2/2/2022,3.784
2/3/2022,3.831
2/4/2022,3.884
2/7/2022,3.93
2/8/2022,3.944
2/9/2022,3.944
2/10/2022,4.071
2/11/2022,4.101
2/14/2022,4.149
2/15/2022,4.16
2/16/2022,4.167
2/17/2022,4.113
2/18/2022,4.121
2/21/2022,.
2/22/2022,4.15
2/23/2022,4.199
2/24/2022,4.181
2/25/2022,4.188
2/28/2022,4.094
3/1/2022,3.98
3/2/2022,4.085
3/3/2022,4.125
3/4/2022,4.043
3/7/2022,4.1
3/8/2022,4.182
3/9/2022,4.211
3/10/2022,4.276
3/11/2022,4.282
3/14/2022,4.426
3/15/2022,4.457
3/16/2022,4.522
3/17/2022,4.509
3/18/2022,4.489
3/21/2022,4.601
3/22/2022,4.712
3/23/2022,4.691
3/24/2022,4.703
3/25/2022,4.865
3/28/2022,4.934
3/29/2022,4.87
3/30/2022,4.811
3/31/2022,4.788
4/1/2022,4.863
4/4/2022,4.866
4/5/2022,4.99
4/6/2022,5.054
4/7/2022,5.061
4/8/2022,5.126
4/11/2022,5.223
4/12/2022,5.152
4/13/2022,5.122
4/14/2022,5.2
4/15/2022,5.268
4/18/2022,5.274
4/19/2022,5.344
4/20/2022,5.324
4/21/2022,5.367
4/22/2022,5.405
4/25/2022,5.342
4/26/2022,5.299
4/27/2022,5.317
4/28/2022,5.357
4/29/2022,5.415
5/2/2022,5.486
5/3/2022,5.522
5/4/2022,5.525
5/5/2022,5.544
5/6/2022,5.593
5/9/2022,5.584
5/10/2022,5.49
5/11/2022,5.512
5/12/2022,5.441
5/13/2022,5.462
5/16/2022,5.439
5/17/2022,5.479
5/18/2022,5.509
5/19/2022,5.423
5/20/2022,5.4
5/23/2022,5.431
5/24/2022,5.323
5/25/2022,5.328
5/26/2022,5.286
5/27/2022,5.27
5/30/2022,.
5/31/2022,5.344
6/1/2022,5.42
6/2/2022,5.402
6/3/2022,5.412
6/6/2022,5.5
6/7/2022,5.502
6/8/2022,5.508
6/9/2022,5.526
6/10/2022,5.661
6/13/2022,5.943
6/14/2022,6.056
6/15/2022,6.034
6/16/2022,5.989
6/17/2022,5.95
6/20/2022,.
6/21/2022,6.007
6/22/2022,5.904
6/23/2022,5.824
6/24/2022,5.849
6/27/2022,5.9
6/28/2022,5.927
6/29/2022,5.895
6/30/2022,5.788
7/1/2022,5.655
7/4/2022,.
7/5/2022,5.612
7/6/2022,5.689
7/7/2022,5.78
7/8/2022,5.829
7/11/2022,5.808
7/12/2022,5.778
7/13/2022,5.782
7/14/2022,5.834
7/15/2022,5.784
7/18/2022,5.788
7/19/2022,5.78
7/20/2022,5.789
7/21/2022,5.723
7/22/2022,5.603
7/25/2022,5.637
7/26/2022,5.589
7/27/2022,5.596
7/28/2022,5.424
7/29/2022,5.302
8/1/2022,5.259
8/2/2022,5.325
8/3/2022,5.448
8/4/2022,5.326
8/5/2022,5.452
8/8/2022,5.442
8/9/2022,5.446
8/10/2022,5.351
8/11/2022,5.397
8/12/2022,5.42
8/15/2022,5.37
8/16/2022,5.412
8/17/2022,5.505
8/18/2022,5.463
8/19/2022,5.598
8/22/2022,5.676
8/23/2022,5.68
8/24/2022,5.741
8/25/2022,5.731
8/26/2022,5.701
8/29/2022,5.793
8/30/2022,5.808
8/31/2022,5.806
9/1/2022,5.911
9/2/2022,5.87
9/5/2022,.
9/6/2022,5.97
9/7/2022,5.95
9/8/2022,5.944
9/9/2022,5.963
9/12/2022,5.965
9/13/2022,6.086
9/14/2022,6.124
9/15/2022,6.166
9/16/2022,6.192
9/19/2022,6.252
9/20/2022,6.338
9/21/2022,6.281
9/22/2022,6.399
9/23/2022,6.511
9/26/2022,6.725
9/27/2022,6.785
9/28/2022,6.643
9/29/2022,6.675
9/30/2022,6.72
10/3/2022,6.639
10/4/2022,6.586
10/5/2022,6.651
10/6/2022,6.744
10/7/2022,6.805
10/10/2022,.
10/11/2022,6.886
10/12/2022,6.939
10/13/2022,6.982
10/14/2022,6.974
10/17/2022,6.98
10/18/2022,6.981
10/19/2022,7.026
10/20/2022,7.104
10/21/2022,7.122
10/24/2022,7.159
10/25/2022,7.071
10/26/2022,7.009
10/27/2022,6.95
10/28/2022,6.967
10/31/2022,7.059
11/1/2022,7.053
11/2/2022,7.042
11/3/2022,7.139
11/4/2022,7.144
11/7/2022,7.151
11/8/2022,7.118
11/9/2022,7.096
11/10/2022,6.732
11/11/2022,.
11/14/2022,6.7
11/15/2022,6.621
11/16/2022,6.593
11/17/2022,6.595
11/18/2022,6.605
11/21/2022,6.61
11/22/2022,6.585
11/23/2022,6.56
11/24/2022,.
11/25/2022,.
11/28/2022,6.524
11/29/2022,6.583
11/30/2022,6.541
12/1/2022,6.39
12/2/2022,6.366
